<?xml version="1.0" encoding="UTF-8"?>

<portlet> 
  <property> 
    <name>文章内容（模板引擎）</name>  
    <version>V1.0 by Jon.King</version>  
    <description> <![CDATA[负责显示文章内容。]]> </description> 
  </property>  
  <script> <![CDATA[function ${id}_onLoad(){ }
function commentArticle(articleId){
	var comment = $(".commentBox TEXTAREA").value();
	if( !comment || !comment.length ){
	    return alert("评论内容不能为空");
	}
    $.ajax({
        url: "/tss/auth/article/" + articleId + "/comment",
        params: { "comment": comment },
        method: 'POST',
        onsuccess: function() {
            listComments(articleId);
        }
    });
}

function listComments(articleId){
    $.ajax({
        url: "/tss/auth/article/" + articleId + "/comment",
        method: 'GET',
        ondata: function() {
            var commonts = this.getResponseJSON();

            $(".commentList").html("");
            commonts.each(function(i, item){
                var li = $.createElement("li");
                $(".commentList").appendChild(li);

                var html = '<div class="cmt-author"><span>' + item[0] + '</span><time class="time">' + item[2] + '</time></div>' +
                           '<div class="cmt-summay">' + item[1] + '</div>';
                $(li).html(html);
            });
        }
    });
}]]> </script>  
  <style> <![CDATA[#${id} { text-align:left; padding:10px; }
#${id} header { border-bottom: 1px dashed #999; margin: 0 10px 15px; padding: 10px; }
#${id} header h1 { font-size:2em; display:inline-block; }
#${id} header span { margin: 5px 10px; }
#${id} article img { max-width: 960px; margin: 5px; }
#${id} .commentBox { border-top: 1px dashed #999; padding:5px; }
#${id} .commentBox label { font-size:16px; }
#${id} .commentList { margin: 10px 0; padding: 10px 0; line-height:25px; }
#${id} .commentList li { border-top:1px dashed #cacaca; padding:20px 0; }
#${id} .commentList li .cmt-summay { font-size:14px; }
#${id} .commentList .cmt-author span { margin-right: 20px; font-size: 13px; }]]> </style>  
  <html> <![CDATA[<#assign testArticleId = "2"/>
<#assign aId = articleId?default(testArticleId)/>
<@common.getArticleXML common.Long.valueOf(aId)/>
<#assign article = common.article/>

<div id="${id}" >
        <header>
		<h1>${article.title?if_exists}</h1><span>${article.title?if_exists}</span><span>${article.issueDate}</span>
	</header>
	<article>
		${article.content?if_exists}
	</article>
	<br/>
        <ul class="commentList">  
	</ul>
	<div class="commentBox">
	  <label>填写评论: </label><INPUT TYPE="button" value="提交" onclick="commentArticle(${aId})" class="tssbutton black small"/><br>
          <TEXTAREA ROWS="8" COLS="120" style="margin-top:5px;"></TEXTAREA>
	</div>
</div>
<script language="JavaScript">
    listComments(${aId});
</script>]]> </html>  
  <events> 
    <attach event="onload" onevent="${id}_onLoad"/> 
  </events>  
  <parameters></parameters> 
</portlet>
